GSM800742,Control
GSM800743,Control
GSM800744,Control
GSM800745,Control
GSM800746,Control
GSM800747,Control
GSM800748,Control
GSM800749,Control
GSM800750,Control
GSM800751,Control
GSM800752,Control
GSM800753,Control
GSM800754,Control
GSM800755,Control
GSM800756,Control
GSM800757,Control
GSM800758,Control
GSM800777,Control
GSM800779,Control
GSM800781,Control
GSM800783,Control
GSM800785,Control
GSM800759,Treatment
GSM800760,Treatment
GSM800761,Treatment
GSM800762,Treatment
GSM800763,Treatment
GSM800764,Treatment
GSM800765,Treatment
GSM800766,Treatment
GSM800767,Treatment
GSM800768,Treatment
GSM800769,Treatment
GSM800770,Treatment
GSM800771,Treatment
GSM800772,Treatment
GSM800773,Treatment
GSM800774,Treatment
GSM800775,Treatment
GSM800776,Treatment
GSM800778,Treatment
GSM800780,Treatment
GSM800782,Treatment
GSM800784,Treatment